stratum,K,p0,centre_u,sigma_ratio,rho,size_alpha,f,core_fraction,seed,contrast_u,modularity,participation,clustering,efficiency,cv_strength,cv_betweenness,lambda_ratio,frac_negative
assortative,4,0.24167989837269982,7.029596852457668,0.29531651991367197,13.286980678157864,30.0,0.5,0.0,734600562,6.6815183062169705,0.7231304564087913,0.03203071899989287,0.5541198514197684,0.0068950720331689645,0.12777084938167463,2.7986908723294595,0.8371820311202995,0.06956521739130435
assortative,3,0.03941354604830789,0.8110177289032827,0.8819324219451236,0.13282080841457367,100.0,0.5,0.0,379651820,7.8553668339123455,-0.26359380055940024,0.470884320361514,0.031017684929449632,0.0473628772762965,0.3284368794274204,0.6996492136461949,0.8461076733104215,0.9401595744680851
assortative,16,0.2887433806291953,8.97762612588288,0.667808574129258,2.1291688988604593,30.0,0.5,0.0,937980787,1.303071337938318,0.09236787193038433,0.9148644874592587,0.28268746197676686,0.0112461369687906,0.10730517543764424,0.3786014653944857,0.2323621944152959,0.0
assortative,3,0.03869439441366691,9.917448929479345,0.13679570527103938,15.218852575772313,inf,0.5,0.0,636100917,3.956489105231569,0.6232783875480449,0.08398726161658583,0.07999428349428349,0.03316155882973493,0.35912797254750245,0.8722346165598853,0.9563933263907479,0.0
assortative,2,0.24085001468092923,9.38447689172751,6.532690130254995,0.06673325282530547,inf,0.5,0.0,739588219,3.788223635386756,-0.36019614791171733,0.22634445006244597,0.08261976995186433,0.012976693082687677,0.11840911389152636,0.7710768978886787,0.7314361753570092,0.0
assortative,12,0.25178737440465715,4.039175540245209,0.5691456004602709,5.764419129187728,30.0,0.5,0.0,267128183,7.970841560254334,0.5095774914674516,0.6207428977857243,0.30083561534619213,0.014231372353277174,0.11755229537088596,0.46637946559137516,0.8636574034189242,0.674216380182002
assortative,12,0.03835080233535768,5.468347971127407,0.5822765569477731,1.7985866177876952,inf,0.5,0.0,35803119,1.737320836813402,0.15110396849374352,0.7572324629640436,0.04266713841713841,0.04070914771159867,0.3493664704240952,0.7791286637324053,0.6709923924042743,0.0
assortative,2,0.29231336212711356,3.5799790935549716,2.0206080868084944,7.374756337352505,3.0,0.5,0.0,1184648841,0.6321737293755934,0.14461773166221709,0.12532079506407293,0.4411086855920167,0.008583547152671126,0.3092185066334396,0.5787136057823745,0.32051723404711885,0.000427715996578272
assortative,4,0.1892790248468721,0.5769882070591326,7.5425305130367555,0.12360970387345499,100.0,0.5,0.0,1866040057,6.776379775108171,-0.20975970357179363,0.6763557184630309,0.1793461143989065,0.01588960575344675,0.14321001968186034,0.48853068203733974,0.46436601486211865,0.9659090909090909
assortative,4,0.030154370195504453,6.378112747272039,1.462877239990479,0.3760148234975825,10.0,0.5,0.0,1051263825,7.148051728261177,0.34622917823757005,0.41062458262489143,0.04183358308358308,0.01992265678109175,0.7790003654711716,1.2940229606588747,0.9992241484026544,0.7217806041335453
assortative,2,0.10684699246079779,3.8885151921681604,2.6389993623154946,11.28131400766951,10.0,0.5,0.0,851166422,3.314943701865508,0.4666720193303341,0.015070784327346392,0.17157336209648755,0.015874293792123947,0.23905176377581686,2.8911719630057315,0.7798287593316595,0.012558139534883722
assortative,4,0.21874347463902563,6.235739834111756,3.0108946185159415,7.4663264647956336,inf,0.5,0.0,754648837,3.545856968662362,0.6475183923065381,0.18953946653230708,0.36329098636607987,0.010923496760426803,0.1010478966879729,0.8537364852683178,0.8807161507538248,0.0
assortative,16,0.12357912862943887,3.649687322383123,6.223422230537367,1.522727087017606,30.0,0.5,0.0,1268768640,5.529954209021255,0.2799560202361597,0.8180819738139573,0.12133931131648609,0.03505816893758896,0.27479339462418867,0.89744552222616,0.9910995846016583,0.9008097165991903
assortative,3,0.2328395817233547,8.223738275430705,0.9201414367673165,0.22671996678364406,3.0,0.5,0.0,1722025429,7.4264761983760215,0.23470662810240242,0.45001311928283017,0.21096246341695185,0.023696378138565444,0.36395114441768256,1.1199225741284098,0.6041038819950006,0.1816522136010954
assortative,2,0.046307356399602255,4.005248736491641,1.1739363224049209,0.40250472944087873,3.0,0.5,0.0,2062014988,3.4416961518180447,0.09433524560065958,0.1860636809976962,0.05080097598479951,0.04090885236430673,0.5038104753829306,1.074540377627852,0.7994104451104282,0.16047904191616766
assortative,12,0.26520466477974447,7.479202767522576,0.26540567659010517,14.778399653320124,10.0,0.5,0.0,1884957449,1.5410138672798546,0.43174829546797583,0.6856849794354938,0.309638241818778,0.01357023983755801,0.1670558899509347,0.39567213402358126,0.658745122812595,0.0
assortative,8,0.039599474432450384,1.589524000181679,0.22612957038323092,0.8828373479647262,10.0,0.5,0.0,737838148,1.6086887095642461,0.1377365320647722,0.6509919838347855,0.047680360489184025,0.04834798232373194,0.47878297601899067,1.062116635381127,0.987792466822332,0.4467805519053876
assortative,12,0.09843742799930931,3.377991421932822,0.1493079543152153,8.81775101982596,100.0,0.5,0.0,774980435,4.447920470068281,0.7382792358382809,0.31695084152781855,0.15897462435778542,0.021555317030228113,0.20578515166739103,0.7384340936305357,0.9714503957315564,0.48133399701343954
assortative,2,0.15360986628751666,1.1092464009747371,1.2398605414579948,0.07743392035370515,100.0,0.5,0.0,791690354,2.7823537431164773,-0.3526166473453887,0.22897169691371744,0.057760123988764206,0.021787808937206297,0.19794757946803282,0.6272275082620675,0.719714756372839,0.9018181818181819
assortative,2,0.03759741705351718,1.3197629287145929,0.6438937963728244,0.0641666055124891,3.0,0.5,0.0,1933498912,1.4248788515351998,-0.3357672249716013,0.15420438812943538,0.012608530358530356,0.046315005718697976,0.47304739150050423,0.9977063001957949,0.9384823536139278,0.4785100286532951
disassortative,4,0.25866094329135786,0.21936555124154045,1.3268832935356254,12.995034308577635,inf,0.5,0.0,921159988,-6.748491963072625,0.555128997561018,0.3300667566122958,0.5878836792889314,0.01370584956199846,0.08012494327655528,0.4057651938872318,0.9947196677044879,0.813562672993278
disassortative,2,0.0417142038178712,6.986253984003926,0.27588773733826,0.2283201923417745,3.0,0.5,0.0,152488906,-6.417234527253117,-0.47607207165803467,0.0760552564906123,0.03936960261960262,0.04039807640275375,0.9832876782060112,1.5222614734887208,0.9850621149509011,0.03859649122807018
disassortative,16,0.1205998598181513,7.562163094178663,0.35198555531432113,1.1597160639863624,inf,0.5,0.0,882333484,-6.312173049050548,-0.057238516447700304,0.8952972249683668,0.12459397245110479,0.02135107269066237,0.19631459966900502,0.4672379155500051,0.3790186987875287,0.0
disassortative,3,0.039653033213789254,2.356976505058329,2.944873074654657,10.725071688929996,100.0,0.5,0.0,829112465,-6.39288270284941,0.3637386695139322,0.3284035843384166,0.07873212898212899,0.04590994339049607,0.37575774352806646,0.9235001331266712,0.9298118429539086,0.8287937743190662
disassortative,2,0.2599991347812854,6.659252131957666,1.0541125664915494,0.38526576570721593,30.0,0.5,0.0,1219867315,-5.768727284761278,-0.46652033991148817,0.065457256107183,0.23171222371541378,0.013542039727127026,0.12295035655456583,0.7064173661655316,0.9489176235455188,0.05731225296442688
disassortative,6,0.2285634702547679,7.267138617437371,1.508089294211951,13.010288109118452,30.0,0.5,0.0,1634661633,-2.976564417787099,0.3463948435539438,0.6556395514286482,0.5678663103876173,0.016225281865343007,0.14805599716031642,0.5742455219620639,0.5133707031319077,0.0010969723562966214
disassortative,2,0.2438812132851873,4.206603355733133,0.137467022328049,6.250029555900298,10.0,0.5,0.0,1456421386,-5.274519690326837,-0.07280107536584883,0.4269460134620396,0.34373982541705206,0.026451211561642665,0.25301455339446804,1.0326292027574273,0.4584007431396643,0.8850771869639794
disassortative,6,0.03388193578300808,0.36106672640810245,0.8137705351453274,0.13847990389071932,3.0,0.5,0.0,1667108336,-4.915593109383485,-0.16699150704567595,0.5984840418610272,0.02348112998112998,0.046530108946496784,0.44502630402579973,0.9628868095609564,0.7690344999657623,0.044189852700491
disassortative,2,0.07536064199178656,5.396983224136594,2.764622826627664,12.45468070098592,10.0,0.5,0.0,784381333,-2.1708637744360617,0.3412379240210969,0.19021374838110794,0.1271666890910598,0.031138212856094343,0.30195616935924857,0.9789196001378467,0.7210979736315869,0.014084507042253521
disassortative,3,0.29369956389682644,0.2892325949032648,5.928717100259994,0.07774240882169975,3.0,0.5,0.0,1327173156,-3.024904230879741,-0.2977585010897685,0.48100670188191613,0.2317233419948056,0.014901372529739578,0.6049011379644416,1.4465808476287811,0.9385665249491619,0.10084954782132091
disassortative,2,0.041993696919771645,6.388669442282341,4.417144556820756,0.08723120565639275,10.0,0.5,0.0,2102658408,-4.936926860306999,-0.4881061956858645,0.023575666205708706,0.012046384171384173,0.038269970502517035,0.3319011486214263,0.8009118631216283,0.9854572934242478,0.015151515151515152
disassortative,12,0.29747068725613446,1.1531072579317991,3.0273130069008927,14.18335719935289,100.0,0.5,0.0,999091114,-5.852030937995374,0.20396471592127713,0.8512135225013842,0.2917127782296162,0.031410797538433725,0.13406252294696736,0.4888278897325481,0.9562369375275894,0.36087369420702753
disassortative,4,0.10357132131716386,7.149539609209466,1.902834511000063,14.808973242170447,3.0,0.5,0.0,2021968480,-1.6220412447067039,0.1552229970382556,0.22123990602233828,0.28274274633924246,0.013403323133836045,0.42964243313215755,0.6323248569032278,0.27944021970102423,0.0
disassortative,2,0.043467201293717186,6.4929865905742155,0.5384146364378682,5.84131934270229,30.0,0.5,0.0,1136394462,-7.917849185540826,-0.12644681960582316,0.27710068587313297,0.051427634585916315,0.029158257963024556,0.5956774458905751,1.397113960749963,0.906601917864493,0.8407281001137656
disassortative,16,0.06642876448313716,0.2458502781971128,0.43824816245399484,6.472820885588207,100.0,0.5,0.0,1264943903,-6.7970044587489715,0.21130189073508326,0.8130625648997117,0.08748831016540333,0.052421266227531335,0.2432956281984068,0.59125326401783,0.9881967411273556,0.29112964366944655
disassortative,3,0.16539155222365284,5.548870141767947,0.12873623500856096,2.538874478301691,10.0,0.5,0.0,218624342,-5.677082270400065,-0.3178267365018035,0.46270871070097086,0.17677479871162077,0.029930580720251475,0.26725218608890006,0.6326541703576811,0.6854318037556939,0.43117283950617286
disassortative,2,0.11300241661167106,0.4289646942632719,2.897490308638929,7.7794283706905825,100.0,0.5,0.0,351833054,-3.741776232988788,0.3690323775465071,0.21375261048365524,0.17123131146968795,0.023868903548062228,0.1942500290790155,0.623345628493961,0.7579807462416884,0.8819204152249135
disassortative,4,0.2939864187542659,8.249608197957029,0.8481552767848745,6.065470572118447,30.0,0.5,0.0,1799429047,-7.3255471928447164,-0.1406647799991618,0.6864774942163712,0.4550498829761145,0.021340002572829895,0.17194197910429604,0.5129191823337452,0.36712328047734416,0.09884005881391929
disassortative,2,0.03276485881739976,7.818608641759893,5.622801864566494,4.353678063310582,3.0,0.5,0.0,1616311660,-6.208832177371531,-0.03432241108695001,0.13952638542884152,0.034643454584631056,0.025752385110881754,0.576648845576801,1.795840027421205,0.9717746028196365,0.15049751243781095
disassortative,6,0.05373057985299132,9.931712629749768,5.030369031648716,4.779008607036121,30.0,0.5,0.0,1213211356,-1.9775910002288062,0.22413937595149652,0.6718038734636681,0.07046491580315109,0.03632500160765024,0.2949199536623602,0.6461497467575971,0.5641781171158932,0.0009398496240601503
core_periphery,16,0.038765349176104476,6.456562409187425,0.15985852817721072,15.905636499524114,30.0,0.619287944484769,0.05027665399312759,2654133,6.042307271034794,-0.2003153761373204,0.32770549787125347,0.16445891210089925,0.02566839308315849,2.0341445528535775,4.094273409726852,0.666177909706971,0.13624338624338625
core_periphery,16,0.23781681744991578,2.8472394018376477,0.7516046375877601,0.4707079183932754,3.0,0.3934914143066238,0.0750306519603271,1719005779,6.48249085150514,0.008212311069975562,0.9162402454433931,0.23755769856498823,0.013566651750946773,0.20297546494758154,0.5164092401505276,0.26210230555333197,0.8925322614766237
core_periphery,2,0.03230988271076411,4.9037514198769845,7.522532145916573,6.618709901508042,30.0,0.30277329971010414,0.11976229249252093,795170202,2.2350240268575443,0.003054253531694945,0.28162556807264894,0.013626984126984128,0.027762424551833496,0.9631210566678917,1.6502524882574043,0.8656171638133331,0.026615969581749048
core_periphery,12,0.249332046469629,9.389722424596394,0.49411616595164193,8.841357170232968,10.0,0.4569443824676795,0.2365899147664845,717559576,7.817276809432629,-0.10846229971573303,0.34313390028895624,0.647780237497166,0.005830488217514701,0.9137834018941849,1.9727436913483072,0.21719764637254457,0.01621552604698672
core_periphery,12,0.26456868342293616,4.2862333523902745,3.421180026845631,4.289276833881197,30.0,0.720925063630218,0.0633571721243585,1731645568,5.946609288967541,-0.08332887760452314,0.7437414715696358,0.383735795425779,0.013145432365095204,1.1668002975545326,3.865219239432835,0.8307803640047071,0.6442767758557232
core_periphery,2,0.08214007230203625,6.182831941878513,0.15844436392455902,0.06417940310896846,inf,0.42590167519223476,0.07465040087058017,1107578264,1.6938825509804691,-0.006226340831842028,0.11349864214357136,0.1470982329221622,0.018301381563732996,0.19347066357078635,0.721640730932666,0.3450499840117618,0.0
core_periphery,8,0.03702272959916484,0.6390565831436534,1.9180069564858326,0.8093424474091988,30.0,0.27378209419586275,0.39447887290543243,1551004221,5.709443492302455,0.13013997450057282,0.600912803170062,0.036636467290879056,0.0461868808425802,0.43578152656617697,0.9234215030821823,0.9499120850426488,0.845945945945946
core_periphery,2,0.2591044926481416,7.104424883952043,0.4899672212135481,0.11861567685543997,10.0,0.30510078652195965,0.2201528089591131,863033674,7.740298039527698,-0.17266346795176343,0.4396029803483931,0.422991592430712,0.020992912348602025,0.43130881987391384,2.079439772574187,0.9845176831532391,0.5784534534534534
core_periphery,16,0.24363201473170382,9.488399515583883,0.1750053769597551,2.855200149932002,30.0,0.271161974632855,0.06353216896831335,1252111870,2.7923077223464383,0.003255483725539172,0.9165539122807823,0.23821152048574867,0.012818387526370283,0.2600644515064314,2.5272015848633425,0.270857203583086,0.0
core_periphery,8,0.09687120278918113,4.326770099529514,1.3834434460903249,2.33122450192468,inf,0.5347122354249262,0.05084558408728975,1459239234,6.514903130042903,-0.015970674427158518,0.8139953650402063,0.09317371234308718,0.03210750012170656,0.5994650405448133,3.305511760242084,0.9159788762230845,0.8150452488687783
core_periphery,12,0.25230650351489553,0.04884314428299397,0.2804009721147865,9.148526514221867,100.0,0.7682804896651994,0.24588987302277598,745862221,3.354931413163686,-0.051976382231517085,0.7027846904146816,0.817393677922972,0.008477241767780884,0.5160358150194513,0.5711658454470403,0.6412191216481111,0.1950722669512077
core_periphery,3,0.030744830291315483,5.772687031865676,0.5004750844477399,15.747941088157944,3.0,0.7436673703874812,0.09170840907494704,694399645,5.7576633316282955,-0.30727400668611105,0.21709705271254903,0.03308876048272333,0.026169821242380056,1.6219204998754149,2.48802655371502,0.9055631879552222,0.13725490196078433
core_periphery,16,0.06734762096358672,8.736079578626178,2.506942853911579,0.2898902575870942,30.0,0.4533544781852115,0.1319323729928962,1073122795,4.661443971184143,-0.023638267785184894,0.8479187925434312,0.06735231499666484,0.033253200074428314,0.2667104225647217,0.9923906680220199,0.5693837515276451,0.002288329519450801
core_periphery,12,0.11561569390128368,8.218366809733334,0.5076959930350625,9.631573815477116,10.0,0.2438832539795033,0.17492057798011185,1134317808,6.706977638935898,0.0008200585885480221,0.5189736643902301,0.2360332071920267,0.008324962225408511,1.336578346973965,2.4061775566131995,0.22809113838986736,0.02631578947368421
core_periphery,2,0.07240639529102426,0.8038945521162444,0.15941614462409592,0.42206726488470736,100.0,0.5044661977818223,0.06469963660866966,924182521,5.699649434392898,0.0008279299188492167,0.035760257915448825,0.10224600385220964,0.023238502366706004,0.28887244038622345,0.6198941812627782,0.4114979604716442,0.9312977099236641
core_periphery,2,0.18562498188934765,5.080600100289857,0.17599505337288054,11.23944981285792,10.0,0.5639913774396377,0.33431821886144353,1837372649,6.749532809635777,-0.12006577401219863,0.2517081689037536,0.2459884894419642,0.013098922855275195,0.816729384129341,1.5517175084036496,0.31044009733935574,0.09901338971106413
core_periphery,12,0.07354091077767586,9.007019654589264,1.243750419353351,2.3990549405720034,30.0,0.6345297511167143,0.055476671969898986,1096479437,6.646185314655867,-0.0641386062242181,0.7773973590770271,0.08152770279966497,0.02872178076767426,1.0478767946699024,2.9601472851346458,0.6918224725393997,0.007697690692792162
core_periphery,6,0.28391045381653196,5.661562348263861,4.73413323461325,0.4382202484297979,3.0,0.2211458633462018,0.11720069471250638,1490033917,1.7077576155254193,-0.0027933999224433585,0.8181999362677133,0.2970865801982043,0.0117701975437778,0.11859978820838214,0.662262897425686,0.23079406705556604,0.01257647858599592
core_periphery,3,0.2954211583638698,0.8553265506391916,2.408794444758849,2.2352007303717714,inf,0.45345736529322755,0.370199789112234,960602268,4.862682017942904,0.2865888186745395,0.45446482909065467,0.32886727665205284,0.010551773956078042,0.353090460476873,0.8663718550422337,0.5356619604820935,0.41173520561685056
core_periphery,16,0.09503174149730233,6.252588135444776,1.391001171893907,15.459567085773845,100.0,0.5197656606218353,0.06996317826787775,859467577,4.836867841901441,-0.14559751598470502,0.48531640962943456,0.31308482149596484,0.015240362182152606,1.5928423810122565,3.7435807796517215,0.43719165908960766,0.03608502224419179
mixed,4,0.26766364980711554,6.90091140490045,0.35499743647488213,12.132555257234253,3.0,0.5,0.0,1441700964,7.481405470683638,0.2583871767043351,0.2556532821881167,0.6403328810287534,0.0062342740150424835,0.5161784857937843,1.333601953347474,0.3708637538597333,0.007350901525658807
mixed,12,0.048299809312150534,0.3227537194331098,1.0647159602780523,0.0674845877176731,10.0,0.5,0.0,1091193072,7.794240579701464,-0.08136594886816532,0.7419098108756964,0.048476645086939205,0.05206716530797201,0.40091046877071135,0.9962824417470296,0.9456978506098769,0.46379853095487933
mixed,16,0.2043756297119776,6.658456648916188,1.1026396619727465,1.7260441547250363,30.0,0.5,0.0,1370825334,1.429008022670148,0.04048484995558901,0.9142534531725757,0.2098260657613692,0.014154454510919144,0.13706167547242798,0.5709474733711649,0.27109818234225086,0.0
mixed,4,0.06233784104037835,3.100069956173217,0.3010424999734063,12.269685272527544,3.0,0.5,0.0,1073525626,7.780828064614044,0.5436495828529709,0.18226633264872047,0.14525728315521694,0.020534519896961707,0.4424991774245769,0.8961683927726655,0.8848618571858492,0.013071895424836602
mixed,2,0.11962807099062585,8.154877158552216,1.6121523794551191,0.09138478388328,30.0,0.5,0.0,2132905850,7.835780504465418,-0.46092523973780286,0.07850763394442789,0.04917883562493422,0.02052447124292159,0.20679454371096254,0.6714442488711492,0.9401891310922579,0.009808102345415778
mixed,4,0.19989362270204383,2.2812276523715855,0.15677876495886603,2.955674844036259,3.0,0.5,0.0,229515218,4.2224750399792335,0.08232998382632718,0.577012311302519,0.26538151952018346,0.015501627385464527,0.6185673369197983,1.5375612408361887,0.3604169241865268,0.5229934924078091
mixed,2,0.17892938087295668,0.16957154302462696,3.7338428414109868,1.3433120177381468,100.0,0.5,0.0,1578602482,6.225142924930592,-0.1572328416121163,0.43507306405295354,0.181051839442354,0.022912204610215273,0.18541226903509195,0.5505984645853641,0.8049475616864296,0.7709795116474881
mixed,6,0.29873685574510594,6.452676298315678,2.6350916580268517,9.418221218083955,30.0,0.5,0.0,2133116576,1.1644279192084677,0.43113398918143314,0.5737869491542013,0.4917891186848554,0.011266819681878445,0.17468152678009713,0.43854073598422016,0.6390985519662549,0.0011025358324145535
mixed,2,0.10374768724361791,4.720810423578542,5.594324908075015,6.755935079351975,3.0,0.5,0.0,883662861,7.307380468300995,0.12509982974261175,0.024454402085394684,0.15803709168067923,0.014782836963769128,0.36076627070530876,2.029964656698968,0.35037969172465316,0.0007544322897019992
mixed,2,0.03381632551494096,4.715489012874478,4.187819961023549,2.2348456505206986,30.0,0.5,0.0,832984114,7.320234265175424,0.09264931386356698,0.2758752976619605,0.02890517815517815,0.035225394658452286,0.7031077542221303,1.2705553076778764,0.7597969011228317,0.08779761904761904
mixed,16,0.11099049481230584,2.6368789380382953,0.1632388291816075,6.9134676336569925,inf,0.5,0.0,86759124,5.131555406830265,0.2682575991923392,0.7852988298459289,0.13416927576975063,0.026513846087996982,0.3385329944312269,0.8638256764847175,0.7678336443519163,0.16722568279827504
mixed,3,0.1943246362242521,4.638377945889729,1.4181849364038743,0.14869498762445776,10.0,0.5,0.0,2017940647,5.023919323148693,-0.3033505582495566,0.5070837660761583,0.1647292694353465,0.015764878873070366,0.23650371171854628,0.9639398750645635,0.5246170409217074,0.011430090377458799
mixed,2,0.06068684117585648,0.2738775444426822,7.315179759899199,11.801922675953865,10.0,0.5,0.0,1617756661,2.959731572930304,0.46247206583289446,0.06914908543728177,0.11294946389180137,0.04618242349159923,0.3438300010194529,1.0722062173894096,0.9778748458053206,0.5539983511953833
mixed,4,0.10752899695236309,0.426778820755751,6.23032899200922,11.480206907918662,10.0,0.5,0.0,411775141,7.407557620322942,0.5127867171476327,0.1666847150253856,0.24759884469069923,0.017964279814762087,0.3808156568940287,0.8810860166745107,0.6602432167472612,0.7242040659762179
mixed,3,0.03593662919084869,9.495101375820745,0.1494525694396108,0.42570032020247045,3.0,0.5,0.0,1036301824,4.123280574437597,-0.1574748883740431,0.5049114112674546,0.026429695304695303,0.042414339897036996,0.3631629494414406,0.7283256000474885,0.6826686007187482,0.0
mixed,2,0.07209448555782698,2.3703243068059408,0.13719202669342512,9.01055738968527,10.0,0.5,0.0,968717851,7.931162142045983,0.23870529180044864,0.25478327474993845,0.10018862658917327,0.022310412092075342,0.8107585466440994,1.4030418375618805,0.6023057785648416,0.6769972451790633
mixed,2,0.07896825025375334,9.193678777416354,0.4788137033576797,5.975953283403131,10.0,0.5,0.0,149490450,3.9217587448414255,0.19051328480023683,0.18483125465646158,0.10465845361009919,0.023711218001153715,0.2866579402720176,0.5525680400406004,0.4703470738884881,0.0
mixed,6,0.09814261660365659,5.636035000999456,0.8972104688166912,0.6040350047835111,100.0,0.5,0.0,1668109438,7.679490407068044,-0.06630417951488816,0.7318487390913537,0.09753977002097276,0.028088440546427448,0.4628068964483214,1.5768134104965024,0.5325405333130611,0.06784049715173485
mixed,4,0.1425033799965306,6.401382053116249,0.3724666052932349,11.690139528868356,10.0,0.5,0.0,60848135,6.973378776735763,0.47724537713917226,0.1877677703297082,0.32087196631832965,0.009170678107068177,0.4751758882464004,1.1683984152291464,0.5012031941583808,0.01153726223885251
mixed,2,0.049795968027539245,0.04780461639649958,5.810759356473766,0.433986441752189,inf,0.5,0.0,624157814,6.391667951725552,-0.02423286328154432,0.39253124940913436,0.042096381559616855,0.03750547262940789,0.43840237681660205,1.3319060062963566,0.8959475852877408,0.898109243697479
null,2,0.032129191308621956,2.078746867842187,1.0,1.0,inf,0.5,0.0,560703818,0.0,0.01142006298796204,0.39928684028498085,0.0336462703962704,0.04155161873836904,0.46594168507296746,0.9962702511625139,0.7736020749644577,0.016923076923076923
null,12,0.2927716098777152,5.433410416878025,1.0,1.0,inf,0.5,0.0,2026044647,0.0,-0.0029644563507478764,0.9051159255284363,0.29442076391838023,0.010987624486221011,0.1055784105293311,0.4419102844925396,0.22662005346488856,0.0
null,12,0.07732333171880292,3.6319968931952644,1.0,1.0,inf,0.5,0.0,1004116355,0.0,-0.0008842532659614308,0.8531329272717946,0.07222897816015665,0.02899416385900805,0.2460384319807657,0.6060712573395785,0.48662212316494274,0.0
null,2,0.1549510874084741,7.369820760069315,1.0,1.0,inf,0.5,0.0,1026902411,0.0,-0.010898940898735086,0.48240469498233113,0.15741734468340882,0.017235530335073315,0.16563633218406082,0.4774505053573136,0.3236029788811302,0.0
null,2,0.055670138208497276,4.37377135353341,1.0,1.0,inf,0.5,0.0,1257994423,0.0,0.0183775236835197,0.4585101761797762,0.05841730328495034,0.03420581966644397,0.24661776496877133,0.5639999232215644,0.5455701780315604,0.0
null,16,0.03367572542529893,4.464664425270339,1.0,1.0,inf,0.5,0.0,67597620,0.0,-0.003915373339689703,0.7602197307022682,0.03147979797979798,0.04475431603305446,0.36448336370035483,0.7709178507425677,0.7334999547052787,0.0
null,8,0.1542346899377743,8.389587388562658,1.0,1.0,inf,0.5,0.0,1352124732,0.0,-0.005136361871478946,0.8471784616404844,0.1475863090832017,0.017863632642648685,0.15424670925002962,0.4164231541736627,0.33000743751165573,0.0
null,2,0.2990628813264554,8.783996746098259,1.0,1.0,inf,0.5,0.0,1138994312,0.0,-0.003963010543250014,0.4938451613442757,0.2990797227873678,0.01040573865013188,0.10537514394210444,0.4650279149070201,0.21679775865214954,0.0
null,3,0.0968495048127387,9.68037791853131,1.0,1.0,inf,0.5,0.0,459710986,0.0,-0.009412557757426148,0.6332819321992829,0.09813632755821476,0.024012046667723587,0.20802292425458052,0.45698900258576514,0.4055482013191038,0.0
null,4,0.057354607447390286,2.7252123926940186,1.0,1.0,inf,0.5,0.0,1368162074,0.0,-0.02730655107426481,0.6725753297035857,0.05525530077078065,0.035436707955808236,0.30992112292477336,0.7431790999295839,0.5805995088644463,0.0008992805755395684
null,3,0.21255822131137705,5.4795396566603065,1.0,1.0,inf,0.5,0.0,798533932,0.0,0.00903286516398378,0.652431952882589,0.22134255372532677,0.013719711502706847,0.142910307252077,0.47011744682185175,0.2627435960342618,0.0
null,3,0.0318211026542006,6.134435665619748,1.0,1.0,inf,0.5,0.0,1984821789,0.0,-0.002288484699942974,0.5306912159322923,0.02227319902319902,0.04472430485645896,0.3613379202204722,0.7403121670424727,0.6823632641158986,0.0
null,2,0.08948050684356103,3.658264829793196,1.0,1.0,inf,0.5,0.0,1690724438,0.0,0.00688262712484548,0.47259844215225344,0.08984224636508255,0.026593284862732682,0.24257990539017968,0.6470903214565803,0.4535870553110985,0.0005665722379603399
null,4,0.04065517432667662,2.998044898038228,1.0,1.0,inf,0.5,0.0,596665971,0.0,0.0074523070992446394,0.6254982530331553,0.047826381135204654,0.03921113352835603,0.40547430127368495,0.9386413724766276,0.6520396686742802,0.0
null,16,0.10548192585593208,5.514350497833272,1.0,1.0,inf,0.5,0.0,1788597387,0.0,-0.005614428698435538,0.8940942370907311,0.11033384915077311,0.022801534890573395,0.2328380828534847,0.6008293700550474,0.3984407227937687,0.0
null,16,0.20936306957237993,7.272231145695964,1.0,1.0,inf,0.5,0.0,1469743001,0.0,-0.004057988805398463,0.9186562739583141,0.20960088007425928,0.013794855046098887,0.1339018459936956,0.46740310251210215,0.2689892608083536,0.0
null,16,0.06280394487454977,2.2224388511658963,1.0,1.0,inf,0.5,0.0,1724121567,0.0,0.0024688964542975006,0.8459294171107484,0.06113110706802658,0.03454793655780515,0.3154005506406384,0.8133029789396629,0.5702086548938039,0.011263073209975865
null,2,0.04147100098281945,8.780276233190673,1.0,1.0,inf,0.5,0.0,1285271632,0.0,-0.01768696213587908,0.4299524502496263,0.046052405368968825,0.038694735840781085,0.35960572477084357,0.7584747752310498,0.6199537608325161,0.0
null,4,0.08873379252064625,2.1597150676217636,1.0,1.0,inf,0.5,0.0,1428520473,0.0,-0.019810670863722176,0.6945830231297581,0.08740448860393482,0.02830162748179192,0.2617994324090316,0.6917765962816823,0.4954985910348073,0.016347237880496055
null,3,0.16051711927820167,5.481968490784281,1.0,1.0,inf,0.5,0.0,1381211325,0.0,-0.005945766652807359,0.6470374091797589,0.15457733939427873,0.017497162719676357,0.18974584532270236,0.5277814701341662,0.3183890622531732,0.0
